drive,rows,row_pairing_offset_s,correction_median_s,correction_min_s,correction_max_s,corrections_at_search_edge,aligned_frac,segments,segments_aligned,gyro_best_col,r_yaw_yaw,r_yaw_pitch,r_yaw_roll,gyro_slope_vs_yawrate,rest_n,rest_car_n,rest_mean_acc_x,rest_mean_acc_y,rest_mean_acc_z,rest_mean_norm,rest_att_pitch_deg,rest_att_roll_deg,gravity_col_std,gravity_col_mean_z,straight_n,r_lon_raw_x,r_lon_raw_y,r_lon_raw_z,r_raw_x_vs_aE,r_raw_x_vs_aN,r_raw_y_vs_aE,r_raw_y_vs_aN,r_lon_derot_x,r_lon_derot_y,slope_lon_derot_best
M,105974,3602.17,-2.6,-3.2,-0.9,0,1,18,18,GYROSCOPE Pitch (rad/s),0.298017,0.994868,-0.499313,0.999316,554,494,0.113114,-0.197891,9.85277,9.8623,-84.2543,-120.915,0.0337233,9.80649,15307,0.503318,-0.295176,0.0343128,0.372581,0.0634927,-0.0570895,0.610424,0.582576,-0.783319,-0.882083
S1,51746,3600.55,-0.2,-0.3,-0.2,0,1,9,9,GYROSCOPE Pitch (rad/s),0.31828,0.995052,-0.761208,0.998476,196,180,0.118138,-0.162115,9.87469,9.88285,-81.7086,-141.387,0.0229215,9.80655,8675,0.490029,-0.473749,0.0148188,0.350453,0.0949756,0.150755,0.432535,0.49388,-0.705333,-0.850387
S2,93876,3608.45,-8.7,-8.7,-8.7,0,1,16,16,GYROSCOPE Pitch (rad/s),0.0518147,0.988968,-0.681508,0.996046,806,668,0.122711,-0.0771223,9.86538,9.87283,-83.3176,-134.925,0.0377312,9.80645,16446,0.444135,0.00194328,0.0130492,0.599797,0.314752,0.0529984,0.502368,0.180804,-0.737256,-0.994031
S3a,24621,3593.49,6.7,6.7,6.8,0,0.974778,5,4,GYROSCOPE Pitch (rad/s),0.143649,0.99628,-0.161017,1.00886,120,81,0.397542,-0.271437,9.84078,9.85877,-87.04,-59.3249,0.0121586,9.80658,3788,0.544535,-0.361572,0.0332962,0.872062,-0.105459,-0.363682,0.666524,0.560824,-0.548681,0.478369
S3b,6813,3605.02,-4.8,-4.8,-4.8,0,0.880669,2,1,GYROSCOPE Pitch (rad/s),0.027148,0.868511,-0.0486798,1.0059,128,106,0.103695,0.0285434,9.83109,9.85111,-86.4769,-2.58717,0.0757277,9.806,1433,-0.167313,-0.0275479,-0.0406049,0.486404,-0.0562218,-0.00990245,0.405292,0.0385116,0.108419,0.156156
S3c,37183,3600.72,-0.5,-0.5,-0.4,0,0.968184,7,6,GYROSCOPE Pitch (rad/s),0.201846,0.999117,0.476234,1.00918,1804,1740,-0.0271513,-0.0487789,9.84424,9.85064,-84.9786,4.72523,0.0102946,9.80659,5560,-0.176391,-0.0423889,0.0140492,0.737605,0.200353,0.224617,0.826856,0.210808,0.686829,0.641829
S4,94600,3913.75,-1.8,-1.8,-1.8,0,0.38055,16,6,GYROSCOPE Pitch (rad/s),0.102549,0.993313,-0.600628,1.00732,712,131,0.073516,-0.056055,9.8475,9.8603,-84.7878,-122.312,0.0324077,9.80651,7444,0.32853,-0.32049,0.00881647,0.492009,0.125678,0.0800664,0.449192,0.34366,-0.703216,-0.837487
Vfa01,11486,4.236,-5.25,-5.3,-5.2,0,1,2,2,GYROSCOPE Pitch (rad/s),0.0207421,0.673053,-0.188261,1.03878,122,122,0.0797787,-0.491211,9.84658,9.86634,-85.5164,-129.09,0.0336037,9.8065,2193,0.180096,-0.54129,-0.0115125,0.0359819,0.178119,0.130306,-0.526369,0.0751961,-0.587182,-0.864837
Vfa02,67523,7.749,-8.85,-8.9,-8.8,0,0.289131,12,4,GYROSCOPE Pitch (rad/s),0.0876373,0.756922,-0.168748,0.972461,75,66,0.31215,-0.556106,9.82823,9.85664,-86.8433,-88.9597,0.0276598,9.80653,3287,0.205364,-0.684361,-0.0255606,0.128509,0.202775,0.195314,-0.536518,0.237468,-0.636953,-0.853543
Vta10,1502,0.493,,,,0,0,1,0,,,,,,0,0,,,,,,,0.041934,9.80647,0,,,,,,,,,,
Vta11,510,0.493,,,,0,0,1,0,,,,,,0,0,,,,,,,0.0312208,9.80651,0,,,,,,,,,,
Vta12,610,0.293,,,,0,0,1,0,,,,,,0,0,,,,,,,0.0300931,9.80653,0,,,,,,,,,,
Vta13,404,0.393,,,,0,0,1,0,,,,,,0,0,,,,,,,0.0322846,9.80652,0,,,,,,,,,,
Vta14,2885,0.693,,,,0,0,1,0,,,,,,0,0,,,,,,,0.0403654,9.80647,0,,,,,,,,,,
Vta15,833,2.993,,,,0,0,1,0,,,,,,0,0,,,,,,,0.0435527,9.80648,0,,,,,,,,,,
Vta16,11335,1.793,-1.7,-1.7,-1.7,0,1,2,2,GYROSCOPE Pitch (rad/s),-0.0523501,0.669988,-0.104233,1.10058,62,62,-0.165242,0.224032,9.86017,9.87046,-87.7789,-105.849,0.0332818,9.8065,1507,-0.13289,0.329564,0.0297416,0.33038,-0.063495,-0.142324,0.424441,0.0776334,-0.104801,-0.236011
Vta17,4519,1.677,-1.6,-1.6,-1.6,0,1,1,1,GYROSCOPE Pitch (rad/s),-0.113188,0.539389,-0.0206089,0.957226,81,81,0.0764444,-0.691728,9.82654,9.85496,-85.5974,-20.4512,0.0381012,9.80646,855,-0.318859,-0.125239,-0.0228343,0.429891,-0.16711,-0.158595,0.42392,-0.0459234,0.0953911,0.130951
Vta19,292,0.477,,,,0,0,1,0,,,,,,5,0,,,,,,,0.0302929,9.80652,0,,,,,,,,,,
Vta1a,25676,-13.637,13.8,13.7,13.9,0,1,5,5,GYROSCOPE Pitch (rad/s),-0.0714118,0.741505,-0.0438964,1.03383,52,25,0.274624,-0.491804,9.83926,9.85652,-87.2752,-12.6464,0.0442702,9.8064,4223,0.344542,-0.160954,-0.0487108,-0.177118,0.29006,0.150335,0.0398562,-0.313017,0.124625,-0.651427
Vta1b,954,0.463,,,,0,0,1,0,,,,,,0,0,,,,,,,0.0529752,9.80635,0,,,,,,,,,,
Vta2,10991,0.963,-0.8,-0.8,-0.8,0,1,2,2,GYROSCOPE Pitch (rad/s),-0.0563581,0.823167,-0.0162878,1.00015,39,32,0.0193,-0.214653,9.82717,9.83749,-87.9084,82.9581,0.041401,9.80644,2144,0.46129,-0.12429,-0.0858536,0.247784,0.399566,0.0447161,-0.026481,-0.234754,0.108105,-0.439128
Vta20,3223,26.722,,,,0,0,1,0,,,,,,61,0,,,,,,,0.0178628,9.80657,0,,,,,,,,,,
Vta21,2079,8.322,-9.7,-9.7,-9.7,0,1,1,1,GYROSCOPE Pitch (rad/s),-0.131862,0.590097,-0.1456,1.21619,0,0,,,,,,,0.052823,9.80633,534,0.261357,0.135664,-0.121164,0.338278,-0.0569325,-0.0955849,0.296648,-0.110183,0.340492,0.575336
Vta22,1564,3.822,-4.8,-4.8,-4.8,0,1,1,1,GYROSCOPE Pitch (rad/s),-0.0934333,0.633004,-0.0322926,1.05313,0,0,,,,,,,0.0481142,9.80638,273,0.186861,0.0216166,-0.0462705,0.225655,-0.157366,-0.120667,0.162095,-0.0815664,0.120465,0.38588
Vta23,1110,0.922,,,,0,0,1,0,,,,,,0,0,,,,,,,0.0498538,9.8064,0,,,,,,,,,,
Vta24,1171,0.122,,,,0,0,1,0,,,,,,2,0,,,,,,,0.02545,9.80655,0,,,,,,,,,,
Vta25,646,-1.278,,,,0,0,1,0,,,,,,0,0,,,,,,,0.0205829,9.80657,0,,,,,,,,,,
Vta26,1935,1.322,,,,0,0,1,0,,,,,,69,0,,,,,,,0.0433353,9.80646,0,,,,,,,,,,
Vta27,2540,-27.178,,,,0,0,1,0,,,,,,72,0,,,,,,,0.0595554,9.80633,0,,,,,,,,,,
Vta28,4210,-1.378,0.4,0.4,0.4,0,1,1,1,GYROSCOPE Pitch (rad/s),0.00161983,0.55803,0.0158949,0.994482,50,50,-0.318216,-0.071806,9.83354,9.84262,-80.804,34.8974,0.0537361,9.80638,892,-0.218397,0.184644,-0.0409896,0.354462,-0.0721537,-0.168068,0.352603,-0.00903497,0.0235525,0.0551485
Vta29,23705,-6.013,4.1,4.1,4.1,0,0.253111,4,1,GYROSCOPE Pitch (rad/s),-0.0476675,0.57926,-0.0512325,1.06302,127,80,-0.259778,0.0542775,9.85012,9.86473,-86.0793,62.874,0.0368577,9.80646,885,0.0686348,-0.0524109,0.0376795,0.180831,0.170646,0.138193,0.175382,-0.119151,-0.290008,-0.580711
Vta3,645,-20.107,,,,0,0,1,0,,,,,,0,0,,,,,,,0.0185648,9.80657,0,,,,,,,,,,
Vta30,17136,2.286,-3.7,-3.7,-3.7,0,0.29972,3,1,GYROSCOPE Pitch (rad/s),-0.0513839,0.769292,-0.0401425,0.987299,451,116,0.0762922,-0.16486,9.86032,9.86719,-86.1801,-31.8033,0.0238986,9.80654,587,0.292289,-0.399283,-0.0463513,0.314853,-0.164367,-0.322204,0.409566,-0.136821,-0.0514229,-0.29677
Vta4,1789,2.193,,,,0,0,1,0,,,,,,0,0,,,,,,,0.0535003,9.80641,0,,,,,,,,,,
Vta5,307,0.793,,,,0,0,1,0,,,,,,0,0,,,,,,,0.037987,9.8065,0,,,,,,,,,,
Vta6,1376,2.293,,,,0,0,1,0,,,,,,0,0,,,,,,,0.0506134,9.80637,0,,,,,,,,,,
Vta7,840,1.593,,,,0,0,1,0,,,,,,0,0,,,,,,,0.0509332,9.80643,0,,,,,,,,,,
Vta8,3676,1.293,-1.3,-1.3,-1.3,0,1,1,1,GYROSCOPE Pitch (rad/s),-0.0574073,0.520048,-0.0143537,1.00769,122,109,0.13298,-0.0781651,9.86215,9.86724,-87.0817,-18.2062,0.0298006,9.80651,720,0.391647,0.00567734,0.0207232,0.0650048,0.441959,0.183922,0.0769005,-0.0239696,-0.0551667,-0.0849227
Vta9,156,0.293,,,,0,0,1,0,,,,,,0,0,,,,,,,0.0299995,9.80654,0,,,,,,,,,,
Vtb1,32459,-0.655,-1.1,-1.1,-1.1,0,0.184849,6,1,,0.00940772,0.501243,-0.0179777,1.02437,85,0,,,,,,,0.0337714,9.80649,1269,0.0985067,-0.23419,-0.023675,0.152513,-0.0141062,0.0986748,0.0596073,0.0373153,-0.134433,-0.251459
Vtb10,196,0.476,,,,0,0,1,0,,,,,,0,0,,,,,,,0.0243747,9.80654,0,,,,,,,,,,
Vtb11,361,-1.624,,,,0,0,1,0,,,,,,0,0,,,,,,,0.0365891,9.80649,0,,,,,,,,,,
Vtb12,447,-1.624,,,,0,0,1,0,,,,,,0,0,,,,,,,0.0258961,9.80655,0,,,,,,,,,,
Vtb2,5712,-0.924,,,,0,0,1,0,,,,,,83,0,,,,,,,0.0379765,9.80647,0,,,,,,,,,,
Vtb3,8240,-1.424,-0.4,-0.4,-0.4,0,0.271845,2,1,GYROSCOPE Pitch (rad/s),-0.203568,0.84677,-0.171804,1.09932,277,51,0.153451,0.22321,9.84481,9.85224,-87.0614,-44.5288,0.0151659,9.80658,2,,,,,,,,,,
Vtb4,556,-0.424,,,,0,0,1,0,,,,,,14,0,,,,,,,0.0678624,9.80629,0,,,,,,,,,,
Vtb5,64388,-28.324,,,,0,0,11,0,,,,,,270,0,,,,,,,0.0271307,9.80652,0,,,,,,,,,,
Vtb6,498,-1.524,,,,0,0,1,0,,,,,,0,0,,,,,,,0.031851,9.80652,0,,,,,,,,,,
Vtb7,461,-1.824,,,,0,0,1,0,,,,,,0,0,,,,,,,0.0270004,9.80653,0,,,,,,,,,,
Vtb8,668,-1.624,,,,0,0,1,0,,,,,,0,0,,,,,,,0.0346635,9.80649,0,,,,,,,,,,
Vtb9,452,-1.624,,,,0,0,1,0,,,,,,0,0,,,,,,,0.0355738,9.80649,0,,,,,,,,,,
Vw1,20476,100.416,,,,0,0,4,0,,,,,,11,0,,,,,,,0.00549537,9.80659,0,,,,,,,,,,
Vw10,652,-0.496,,,,0,0,1,0,,,,,,0,0,,,,,,,0.0508218,9.80638,0,,,,,,,,,,
Vw11,4909,1.504,-1.6,-1.6,-1.6,0,1,1,1,GYROSCOPE Pitch (rad/s),0.0379701,0.631533,-0.156262,1.05683,6,6,0.138167,0.0356333,9.84947,9.8517,-86.2767,-146.278,0.0362218,9.80647,874,0.420823,-0.0216222,-0.0309861,0.432356,0.08793,-0.10156,0.448002,0.247441,-0.588529,-0.834553
Vw12,918,4.005,,,,0,0,1,0,,,,,,0,0,,,,,,,0.040514,9.80644,0,,,,,,,,,,
Vw13,284,1.004,,,,0,0,1,0,,,,,,0,0,,,,,,,0.0478289,9.80637,0,,,,,,,,,,
Vw14a,3138,4.884,,,,0,0,1,0,,,,,,0,0,,,,,,,0.0398295,9.80645,0,,,,,,,,,,
Vw14b,19588,3.884,,,,0,0,4,0,,,,,,0,0,,,,,,,0.034691,9.80648,0,,,,,,,,,,
Vw14c,15826,1.984,-2.2,-2.2,-2.2,0,1,3,2,GYROSCOPE Pitch (rad/s),0.038191,0.448039,-0.0904799,1.0375,28,22,0.250291,-0.0290091,9.85725,9.86482,-85.6718,-147.908,0.0271799,9.80652,3052,0.364477,-0.0380369,-0.0116099,0.461812,0.0881192,-0.0743971,0.487959,0.186115,-0.683477,-0.907251
Vw15,1380,3.043,,,,0,0,1,0,,,,,,27,0,,,,,,,0.00354983,9.8066,0,,,,,,,,,,
Vw16a,5879,-10.197,,,,0,0,1,0,,,,,,4,0,,,,,,,0.0366751,9.80648,0,,,,,,,,,,
Vw16b,1126,-0.197,,,,0,0,1,0,,,,,,0,0,,,,,,,0.0415352,9.80644,0,,,,,,,,,,
Vw17,329,1.603,,,,0,0,1,0,,,,,,0,0,,,,,,,0.032529,9.8065,0,,,,,,,,,,
Vw2,52713,1.885,-2.2,-2.2,-2.1,0,0.317057,9,3,GYROSCOPE Pitch (rad/s),0.0856299,0.689663,-0.140044,1.02397,44,32,0.208187,0.01015,9.84833,9.85529,-86.2969,-132.608,0.0367877,9.80648,1952,0.193059,-0.474478,-0.00386109,0.345649,-0.0396134,0.0788974,0.432972,0.256143,-0.655119,-0.845537
Vw3,3861,-0.015,-0.4,-0.4,-0.4,0,1,1,1,GYROSCOPE Pitch (rad/s),0.0220302,0.645026,-0.0597808,0.905215,11,7,0.0128286,-0.142143,9.84291,9.84528,-85.0943,-154.204,0.0401493,9.80643,478,-0.00317417,-0.141056,-0.0424468,0.181485,0.0627431,0.101126,0.199278,0.106305,-0.571146,-0.875776
Vw4,126526,0.304,-0.6,-0.7,-0.6,0,0.42679,22,8,GYROSCOPE Pitch (rad/s),0.02362,0.666063,-0.113887,1.0037,1325,1260,0.0891839,-0.128718,9.84904,9.85778,-85.5973,-135.399,0.0402065,9.80644,8373,0.15201,-0.0971368,-0.00291431,0.334493,-0.0183483,-0.093341,0.419049,0.184165,-0.625838,-0.908955
Vw5,1012,2.804,,,,0,0,1,0,,,,,,0,0,,,,,,,0.0370009,9.80647,0,,,,,,,,,,
Vw6,1281,-1.296,1,1,1,0,1,1,1,GYROSCOPE Pitch (rad/s),0.0853342,0.713716,-0.132583,0.98147,0,0,,,,,,,0.0445604,9.80643,227,0.0273072,-0.340951,-0.0851007,0.310472,0.0602613,0.0696413,0.426639,0.0361424,-0.545327,-0.751721
Vw7,1602,-167.796,,,,0,0,1,0,,,,,,0,0,,,,,,,0.0407416,9.80645,0,,,,,,,,,,
Vw8,1529,-160.996,,,,0,0,1,0,,,,,,0,0,,,,,,,0.0412906,9.80644,0,,,,,,,,,,
Vw9,552,0.504,,,,0,0,1,0,,,,,,0,0,,,,,,,0.0403593,9.80645,0,,,,,,,,,,
Y1,70285,3714.93,,,,0,0,12,0,,,,,,465,0,,,,,,,0.0504546,9.80639,0,,,,,,,,,,
