drive,driver,group,date,duration_phone_min,duration_vehicle_min,distance_vehicle_gnss_km,distance_phone_gnss_km,distance_indicated_speed_km,mean_speed_kmh,phone_minus_vehicle_clock_s,phone_ts_non_increasing,lat_start,lon_start
M,B,M,2019-09-07,102.933,176.622,105.174,78.2843,106.022,36.0165,3602.17,1,52.4026,-1.5033
S1,A,S,2019-09-08,86.2417,86.2417,38.0438,36.2201,38.3518,26.6816,3600.55,0,52.4017,-1.50551
S2,A,S,2019-09-08,153.352,156.458,75.476,59.8891,75.9974,29.1438,3608.45,1,52.4031,-1.55798
S3a,A,S,2019-09-04,41.0333,41.0333,25.9196,17.7691,26.1246,38.1985,3593.49,0,52.4049,-1.5001
S3b,A,S,2019-09-04,45.1252,11.3533,3.76502,3.62872,3.8133,20.1495,3605.02,1,52.3702,-1.25449
S3c,A,S,2019-09-04,61.97,61.97,44.0081,21.9481,44.1722,42.7669,3600.72,0,52.3795,-1.26205
S4,A,S,2019-09-06,92.9667,157.665,88.4244,61.7681,89.0573,33.8907,3913.75,2,52.4024,-1.50537
Vfa01,E,Vf,2019-11-08,19.1417,19.2233,18.7757,4.88317,18.8942,58.9677,4.236,0,52.5592,-1.483
Vfa02,E,Vf,2019-11-08,112.537,112.923,162.941,7.14796,163.712,86.9843,7.749,0,52.7099,-1.50322
Vta10,E,Vta,2019-11-06,2.50167,2.50167,3.74145,0.0924679,3.76621,90.2687,0.493,0,52.8819,-1.71849
Vta11,E,Vta,2019-11-06,0.848333,0.848333,0.714081,0.343763,0.72293,51.0304,0.493,0,52.8924,-1.77197
Vta12,E,Vta,2019-11-06,1.015,1.015,1.12445,0.261685,1.13185,66.7979,0.293,0,52.8961,-1.77014
Vta13,E,Vta,2019-11-06,0.671683,0.671667,0.977771,0,0.984326,87.7122,0.393,0,52.9078,-1.76452
Vta14,E,Vta,2019-11-06,4.80667,4.80667,5.42788,1.00652,5.45992,68.1308,0.693,0,52.9168,-1.76044
Vta15,E,Vta,2019-11-06,1.38667,1.38667,1.65287,0,1.66295,71.8682,2.993,0,52.9658,-1.75669
Vta16,E,Vta,2019-11-06,18.89,18.89,13.6595,9.06493,13.7533,43.6805,1.793,0,52.9804,-1.74974
Vta17,E,Vta,2019-11-06,7.54977,7.53,4.0962,3.99507,4.13906,32.9733,1.677,0,53.0527,-1.7764
Vta19,E,Vta,2019-11-06,0.485017,0.485,0.233909,0.232421,0.23674,29.1872,0.477,0,53.0431,-1.81036
Vta1a,E,Vta,2019-11-06,42.7916,42.7917,40.6678,40.4241,40.9591,57.4282,-13.637,0,52.5618,-1.45523
Vta1b,E,Vta,2019-11-06,1.58833,1.58667,1.25653,1.25449,1.26755,47.8823,0.463,0,52.7496,-1.67432
Vta2,E,Vta,2019-11-06,18.3166,18.3167,11.0453,11.0502,11.1203,36.4234,0.963,0,52.7605,-1.67941
Vta20,E,Vta,2019-11-06,5.37,5.37,0.387988,0.478266,0.379474,4.23861,26.722,0,53.0425,-1.81306
Vta21,E,Vta,2019-11-06,3.46333,3.46333,2.75268,1.82037,2.77917,48.1241,8.322,0,53.0406,-1.81717
Vta22,E,Vta,2019-11-06,2.60502,2.605,1.65657,1.60935,1.67166,38.4781,3.822,0,53.0516,-1.79947
Vta23,E,Vta,2019-11-06,1.84833,1.84833,1.08532,1.05018,1.10086,35.7035,0.922,0,53.0517,-1.78147
Vta24,E,Vta,2019-11-06,1.95002,1.95,0.692454,0.677388,0.701323,21.5607,0.122,0,53.0506,-1.76682
Vta25,E,Vta,2019-11-06,1.07497,1.075,0.158666,0.132652,0.161637,9.00762,-1.278,0,53.0513,-1.75798
Vta26,E,Vta,2019-11-06,3.22333,3.22333,1.00433,0.992326,1.01387,18.8626,1.322,0,53.0512,-1.75804
Vta27,E,Vta,2019-11-06,4.23167,4.23167,3.14644,2.56946,3.16979,44.9262,-27.178,0,53.0604,-1.75924
Vta28,E,Vta,2019-11-06,7.015,7.015,3.92843,3.39111,3.96613,33.9146,-1.378,0,53.0873,-1.766
Vta29,E,Vta,2019-11-06,39.4963,39.5067,26.0695,16.574,26.308,39.9531,-6.013,4,53.0893,-1.79365
Vta3,E,Vta,2019-11-06,1.07333,1.07333,0.374623,0.152523,0.380669,21.2466,-20.107,0,52.8134,-1.63889
Vta30,E,Vta,2019-11-06,28.5583,28.5583,11.749,9.505,11.8375,24.8686,2.286,0,53.2232,-1.8725
Vta4,E,Vta,2019-11-06,2.97998,2.98,1.99333,1.98004,2.00956,40.4383,2.193,0,52.8138,-1.63652
Vta5,E,Vta,2019-11-06,0.51,0.51,0.361103,0.309097,0.364459,42.7378,0.793,0,52.829,-1.65197
Vta6,E,Vta,2019-11-06,2.29167,2.29167,2.58802,0.81045,2.60802,68.233,2.293,0,52.8328,-1.65358
Vta7,E,Vta,2019-11-06,1.39833,1.39833,1.5051,0.383475,1.51612,64.9765,1.593,0,52.8504,-1.67981
Vta8,E,Vta,2019-11-06,6.125,6.125,3.39996,1.87976,3.42079,33.5006,1.293,0,52.8632,-1.68277
Vta9,E,Vta,2019-11-06,0.2583,0.258333,0.308716,0,0.313365,72.3151,0.293,0,52.8816,-1.70865
Vtb1,E,Vtb,2019-11-06,54.0966,54.0967,41.8507,20.0852,42.1959,46.7991,-0.655,5456,53.2506,-1.91074
Vtb10,E,Vtb,2019-11-06,0.325,0.323333,0.224381,0.210391,0.227485,41.9972,0.476,0,52.5589,-1.48391
Vtb11,E,Vtb,2019-11-06,0.6,0.6,0.696218,0,0.702992,70.1045,-1.624,0,52.5571,-1.47774
Vtb12,E,Vtb,2019-11-06,0.74335,0.743333,0.527161,0.241937,0.533592,42.9738,-1.624,0,52.5537,-1.46615
Vtb2,E,Vtb,2019-11-06,9.51833,9.51833,4.33662,4.26033,4.37537,27.5758,-0.924,0,53.1842,-1.6465
Vtb3,E,Vtb,2019-11-06,13.7317,13.7317,0.68939,0.616405,0.677362,2.95935,-1.424,0,53.171,-1.67279
Vtb4,E,Vtb,2019-11-06,0.925,0.925,0.239975,0.222209,0.242619,15.7091,-0.424,0,53.1712,-1.67308
Vtb5,E,Vtb,2019-11-06,107.312,107.312,111.438,33.6764,112.122,62.6887,-28.324,0,53.1706,-1.67535
Vtb6,E,Vtb,2019-11-06,0.828333,0.828333,0.873482,0.146449,0.880337,63.6389,-1.524,0,52.5781,-1.53716
Vtb7,E,Vtb,2019-11-06,0.766683,0.766667,0.719984,0.218368,0.726922,56.7662,-1.824,0,52.5726,-1.52674
Vtb8,E,Vtb,2019-11-06,1.11167,1.11167,1.29007,0,1.30141,70.136,-1.624,0,52.5683,-1.51604
Vtb9,E,Vtb,2019-11-06,0.75165,0.751667,0.96386,0,0.972826,77.4817,-1.624,0,52.5629,-1.49755
Vw1,E,Vw,2020-01-08,34.125,34.1233,0.046302,0,0,0,100.416,0,52.5547,-1.46306
Vw10,E,Vw,2020-01-08,1.085,1.085,0.731122,0.703673,0.733256,40.4865,-0.496,0,52.2018,-2.2016
Vw11,E,Vw,2020-01-08,8.18,8.18,5.82933,2.87126,5.83199,42.7687,1.504,0,52.2036,-2.19164
Vw12,E,Vw,2020-01-08,1.52833,1.52833,2.3003,0,2.29868,90.1443,4.005,0,52.2338,-2.13868
Vw13,E,Vw,2020-01-08,0.471667,0.471667,0.774038,0,0.774466,98.1717,1.004,0,52.2757,-2.12176
Vw14a,E,Vw,2020-01-08,5.22833,5.22833,7.90615,0,7.89624,90.5878,4.884,0,52.2866,-2.11989
Vw14b,E,Vw,2020-01-08,32.645,32.645,41.0947,4.05225,41.0682,75.4776,3.884,0,52.3494,-2.07395
Vw14c,E,Vw,2020-01-08,26.375,26.375,17.0648,6.46806,17.0487,38.7812,1.984,0,52.5252,-1.7289
Vw15,E,Vw,2020-01-08,2.29833,2.31667,0.00913291,0,0,0,3.043,0,52.5963,-1.60889
Vw16a,E,Vw,2020-01-08,9.79665,9.79667,8.46338,3.15727,8.47244,51.8809,-10.197,0,52.5962,-1.60893
Vw16b,E,Vw,2020-01-08,1.87502,1.875,1.88417,0.680097,1.88811,60.3658,-0.197,0,52.5628,-1.49716
Vw17,E,Vw,2020-01-08,0.546683,0.546667,0.53622,0,0.538272,58.899,1.603,0,52.5551,-1.47111
Vw2,E,Vw,2020-01-08,87.8533,87.8517,98.4307,13.6898,98.3882,67.1948,1.885,0,52.5547,-1.46306
Vw3,E,Vw,2020-01-08,6.43335,6.43333,4.93769,2.82254,4.93465,46.0107,-0.015,0,52.0247,-0.734367
Vw4,E,Vw,2020-01-08,210.875,210.877,214.185,54.428,213.998,60.8878,0.304,0,52.0475,-0.756265
Vw5,E,Vw,2020-01-08,1.68502,1.685,0.663806,0.63595,0.667586,23.7481,2.804,0,52.2087,-2.18773
Vw6,E,Vw,2020-01-08,2.13333,2.13333,1.07713,1.05498,1.08119,30.3847,-1.296,0,52.2113,-2.18674
Vw7,E,Vw,2020-01-08,2.66832,2.66833,1.15604,1.01927,1.16474,26.174,-167.796,0,52.2033,-2.19665
Vw8,E,Vw,2020-01-08,2.54667,2.54667,1.05801,0.96248,1.06562,25.0899,-160.996,0,52.2031,-2.19806
Vw9,E,Vw,2020-01-08,0.91835,0.92,0.419806,0.421179,0.422607,27.5115,0.504,0,52.2028,-2.20048
Y1,D,Y,2019-08-30,111.513,127.78,58.8662,49.8904,55.9354,28.6502,3714.93,3,52.4054,-1.50075
