drive,file,exists,format,encoding_issue,rows,columns,bytes,dt_median_s,rate_hz,dt_p01_s,dt_p99_s,non_increasing,gaps_gt_1s,gap_time_s,duration_s
M,M/S.csv,True,"CSV, comma, 1 header row",True,105974,24,19798721,0.1,10,0.098,0.102,1,1,1.365,6175.97
M,M/V.csv,True,"CSV, comma, 1 header row",False,105974,29,22507823,0.1,10,0.1,0.1,1,0,0,10597.3
S1,S1/S.csv,True,"CSV, comma, 1 header row",True,51746,24,9631499,0.1,10,0.099,0.101,0,0,0,5174.5
S1,S1/V.csv,True,"CSV, comma, 1 header row",False,51746,29,10967129,0.1,10,0.1,0.1,0,0,0,5174.5
S2,S2/S.csv,True,"CSV, comma, 1 header row",True,93876,24,17469302,0.1,10,0.098,0.101,1,0,0,9201.1
S2,S2/V.csv,True,"CSV, comma, 1 header row",False,93876,29,20091681,0.1,10,0.1,0.1,0,0,0,9387.5
S3a,S3a/S.csv,True,"CSV, comma, 1 header row",True,24621,24,4580130,0.1,10,0.099,0.101,0,0,0,2462
S3a,S3a/V.csv,True,"CSV, comma, 1 header row",False,24621,29,5286764,0.1,10,0.1,0.1,0,0,0,2462
S3b,S3b/S.csv,True,"CSV, comma, 1 header row",True,6813,24,1253565,0.1,10,0.0981,0.101,1,0,0,2707.51
S3b,S3b/V.csv,True,"CSV, comma, 1 header row",False,6813,29,1464196,0.1,10,0.1,0.1,0,0,0,681.2
S3c,S3c/S.csv,True,"CSV, comma, 1 header row",True,37183,24,6881631,0.1,10,0.099,0.101,0,0,0,3718.2
S3c,S3c/V.csv,True,"CSV, comma, 1 header row",False,37183,29,7976092,0.1,10,0.1,0.1,0,0,0,3718.2
S4,S4/S.csv,True,"CSV, comma, 1 header row",True,94600,24,17574514,0.1,10,0.098,0.102,2,0,0,5578
S4,S4/V.csv,True,"CSV, comma, 1 header row",False,94600,29,20164189,0.1,10,0.1,0.1,0,0,0,9459.9
Vfa01,Vfa01/S.csv,True,"CSV, comma, 1 header row",True,11486,24,2134667,0.1,10,0.098,0.102,0,0,0,1148.5
Vfa01,Vfa01/V.csv,True,"CSV, comma, 1 header row",False,11535,29,2398099,0.1,10,0.1,0.1,0,0,0,1153.4
Vfa02,Vfa02/S.csv,True,"CSV, comma, 1 header row",True,67523,24,12603657,0.1,10,0.098,0.102,0,0,0,6752.2
Vfa02,Vfa02/V.csv,True,"CSV, comma, 1 header row",False,67755,29,13955001,0.1,10,0.1,0.1,0,0,0,6775.4
Vta10,Vta10/S.csv,True,"CSV, comma, 1 header row",True,1502,24,279232,0.1,10,0.098,0.102,0,0,0,150.1
Vta10,Vta10/V.csv,True,"CSV, comma, 1 header row",False,1502,29,317921,0.1,10,0.1,0.1,0,0,0,150.1
Vta11,Vta11/S.csv,True,"CSV, comma, 1 header row",True,510,24,95272,0.1,10,0.098,0.102,0,0,0,50.9
Vta11,Vta11/V.csv,True,"CSV, comma, 1 header row",False,510,29,111690,0.1,10,0.1,0.1,0,0,0,50.9
Vta12,Vta12/S.csv,True,"CSV, comma, 1 header row",True,610,24,114418,0.1,10,0.098,0.102,0,0,0,60.9
Vta12,Vta12/V.csv,True,"CSV, comma, 1 header row",False,610,29,128904,0.1,10,0.1,0.1,0,0,0,60.9
Vta13,Vta13/S.csv,True,"CSV, comma, 1 header row",True,404,24,76217,0.1,10,0.098,0.10198,0,0,0,40.301
Vta13,Vta13/V.csv,True,"CSV, comma, 1 header row",False,404,29,86963,0.1,10,0.1,0.1,0,0,0,40.3
Vta14,Vta14/S.csv,True,"CSV, comma, 1 header row",True,2885,24,540523,0.1,10,0.098,0.102,0,0,0,288.4
Vta14,Vta14/V.csv,True,"CSV, comma, 1 header row",False,2885,29,612352,0.1,10,0.1,0.1,0,0,0,288.4
Vta15,Vta15/S.csv,True,"CSV, comma, 1 header row",True,833,24,156907,0.1,10,0.098,0.102,0,0,0,83.2
Vta15,Vta15/V.csv,True,"CSV, comma, 1 header row",False,833,29,175132,0.1,10,0.1,0.1,0,0,0,83.2
Vta16,Vta16/S.csv,True,"CSV, comma, 1 header row",True,11335,24,2111083,0.1,10,0.098,0.102,0,0,0,1133.4
Vta16,Vta16/V.csv,True,"CSV, comma, 1 header row",False,11335,29,2410634,0.1,10,0.1,0.1,0,0,0,1133.4
Vta17,Vta17/S.csv,True,"CSV, comma, 1 header row",True,4519,24,839635,0.1,10,0.099,0.101,0,1,1.284,452.986
Vta17,Vta17/V.csv,True,"CSV, comma, 1 header row",False,4519,29,972437,0.1,10,0.1,0.1,0,0,0,451.8
Vta19,Vta19/S.csv,True,"CSV, comma, 1 header row",True,292,24,54578,0.1,10,0.098,0.102,0,0,0,29.101
Vta19,Vta19/V.csv,True,"CSV, comma, 1 header row",False,292,29,61675,0.1,10,0.1,0.1,0,0,0,29.1
Vta1a,Vta1a/S.csv,True,"CSV, comma, 1 header row",True,25676,24,4766740,0.1,10,0.098,0.102,0,0,0,2567.5
Vta1a,Vta1a/V.csv,True,"CSV, comma, 1 header row",False,25676,29,5444513,0.1,10,0.1,0.1,0,0,0,2567.5
Vta1b,Vta1b/S.csv,True,"CSV, comma, 1 header row",True,954,24,178260,0.1,10,0.098,0.101,0,0,0,95.3
Vta1b,Vta1b/V.csv,True,"CSV, comma, 1 header row",False,953,29,205277,0.1,10,0.1,0.1,0,0,0,95.2
Vta2,Vta2/S.csv,True,"CSV, comma, 1 header row",True,10991,24,2038713,0.1,10,0.098,0.102,0,0,0,1099
Vta2,Vta2/V.csv,True,"CSV, comma, 1 header row",False,10991,29,2307461,0.1,10,0.1,0.1,0,0,0,1099
Vta20,Vta20/S.csv,True,"CSV, comma, 1 header row",True,3223,24,582891,0.1,10,0.098,0.102,0,0,0,322.2
Vta20,Vta20/V.csv,True,"CSV, comma, 1 header row",False,3223,29,596090,0.1,10,0.1,0.1,0,0,0,322.2
Vta21,Vta21/S.csv,True,"CSV, comma, 1 header row",True,2079,24,388495,0.1,10,0.098,0.101,0,0,0,207.8
Vta21,Vta21/V.csv,True,"CSV, comma, 1 header row",False,2079,29,450180,0.1,10,0.1,0.1,0,0,0,207.8
Vta22,Vta22/S.csv,True,"CSV, comma, 1 header row",True,1564,24,290331,0.1,10,0.098,0.102,0,0,0,156.301
Vta22,Vta22/V.csv,True,"CSV, comma, 1 header row",False,1564,29,338739,0.1,10,0.1,0.1,0,0,0,156.3
Vta23,Vta23/S.csv,True,"CSV, comma, 1 header row",True,1110,24,206507,0.1,10,0.098,0.102,0,0,0,110.9
Vta23,Vta23/V.csv,True,"CSV, comma, 1 header row",False,1110,29,242444,0.1,10,0.1,0.1,0,0,0,110.9
Vta24,Vta24/S.csv,True,"CSV, comma, 1 header row",True,1171,24,217212,0.1,10,0.098,0.102,0,0,0,117.001
Vta24,Vta24/V.csv,True,"CSV, comma, 1 header row",False,1171,29,250448,0.1,10,0.1,0.1,0,0,0,117
Vta25,Vta25/S.csv,True,"CSV, comma, 1 header row",True,646,24,118562,0.1,10,0.099,0.101,0,0,0,64.498
Vta25,Vta25/V.csv,True,"CSV, comma, 1 header row",False,646,29,135915,0.1,10,0.1,0.1,0,0,0,64.5
Vta26,Vta26/S.csv,True,"CSV, comma, 1 header row",True,1935,24,358553,0.1,10,0.098,0.101,0,0,0,193.4
Vta26,Vta26/V.csv,True,"CSV, comma, 1 header row",False,1935,29,401896,0.1,10,0.1,0.1,0,0,0,193.4
Vta27,Vta27/S.csv,True,"CSV, comma, 1 header row",True,2540,24,471023,0.1,10,0.099,0.101,0,0,0,253.9
Vta27,Vta27/V.csv,True,"CSV, comma, 1 header row",False,2540,29,550395,0.1,10,0.1,0.1,0,0,0,253.9
Vta28,Vta28/S.csv,True,"CSV, comma, 1 header row",True,4210,24,781902,0.1,10,0.099,0.101,0,0,0,420.9
Vta28,Vta28/V.csv,True,"CSV, comma, 1 header row",False,4210,29,901238,0.1,10,0.1,0.1,0,0,0,420.9
Vta29,Vta29/S.csv,True,"CSV, comma, 1 header row",True,23705,24,4387027,0.1,10,0.098,0.102,4,0,0,2369.78
Vta29,Vta29/V.csv,True,"CSV, comma, 1 header row",False,23705,29,5117097,0.1,10,0.1,0.1,0,0,0,2370.4
Vta3,Vta3/S.csv,True,"CSV, comma, 1 header row",True,645,24,116809,0.1,10,0.098,0.101,0,0,0,64.4
Vta3,Vta3/V.csv,True,"CSV, comma, 1 header row",False,645,29,137891,0.1,10,0.1,0.1,0,0,0,64.4
Vta30,Vta30/S.csv,True,"CSV, comma, 1 header row",True,17136,24,3175640,0.1,10,0.099,0.101,0,0,0,1713.5
Vta30,Vta30/V.csv,True,"CSV, comma, 1 header row",False,17136,29,3628928,0.1,10,0.1,0.1,0,0,0,1713.5
Vta4,Vta4/S.csv,True,"CSV, comma, 1 header row",True,1789,24,331302,0.1,10,0.098,0.102,0,0,0,178.799
Vta4,Vta4/V.csv,True,"CSV, comma, 1 header row",False,1789,29,380874,0.1,10,0.1,0.1,0,0,0,178.8
Vta5,Vta5/S.csv,True,"CSV, comma, 1 header row",True,307,24,57485,0.1,10,0.099,0.101,0,0,0,30.6
Vta5,Vta5/V.csv,True,"CSV, comma, 1 header row",False,307,29,66401,0.1,10,0.1,0.1,0,0,0,30.6
Vta6,Vta6/S.csv,True,"CSV, comma, 1 header row",True,1376,24,254665,0.1,10,0.098,0.10126,0,0,0,137.5
Vta6,Vta6/V.csv,True,"CSV, comma, 1 header row",False,1376,29,289249,0.1,10,0.1,0.1,0,0,0,137.5
Vta7,Vta7/S.csv,True,"CSV, comma, 1 header row",True,840,24,155360,0.1,10,0.098,0.101,0,0,0,83.9
Vta7,Vta7/V.csv,True,"CSV, comma, 1 header row",False,840,29,179784,0.1,10,0.1,0.1,0,0,0,83.9
Vta8,Vta8/S.csv,True,"CSV, comma, 1 header row",True,3676,24,678900,0.1,10,0.098,0.102,0,0,0,367.5
Vta8,Vta8/V.csv,True,"CSV, comma, 1 header row",False,3676,29,753939,0.1,10,0.1,0.1,0,0,0,367.5
Vta9,Vta9/S.csv,True,"CSV, comma, 1 header row",True,156,24,29554,0.1,10,0.098,0.102,0,0,0,15.498
Vta9,Vta9/V.csv,True,"CSV, comma, 1 header row",False,156,29,33110,0.1,10,0.1,0.1,0,0,0,15.5
Vtb1,Vtb1/S.csv,True,"CSV, comma, 1 header row",True,32459,24,6052896,0.1,10,0.001,0.101,5456,1,661.376,3245.8
Vtb1,Vtb1/V.csv,True,"CSV, comma, 1 header row",False,32459,29,6989783,0.1,10,0.1,0.1,0,0,0,3245.8
Vtb10,Vtb10/S.csv,True,"CSV, comma, 1 header row",True,196,24,37176,0.1,10,0.09888,0.10212,0,0,0,19.5
Vtb10,Vtb10/V.csv,True,"CSV, comma, 1 header row",False,195,29,42725,0.1,10,0.1,0.1,0,0,0,19.4
Vtb11,Vtb11/S.csv,True,"CSV, comma, 1 header row",True,361,24,68659,0.1,10,0.098,0.103,0,0,0,36
Vtb11,Vtb11/V.csv,True,"CSV, comma, 1 header row",False,361,29,74838,0.1,10,0.1,0.1,0,0,0,36
Vtb12,Vtb12/S.csv,True,"CSV, comma, 1 header row",True,447,24,83892,0.1,10,0.09845,0.102,0,0,0,44.601
Vtb12,Vtb12/V.csv,True,"CSV, comma, 1 header row",False,447,29,94747,0.1,10,0.1,0.1,0,0,0,44.6
Vtb2,Vtb2/S.csv,True,"CSV, comma, 1 header row",True,5712,24,1053029,0.1,10,0.098,0.102,0,0,0,571.1
Vtb2,Vtb2/V.csv,True,"CSV, comma, 1 header row",False,5712,29,1200565,0.1,10,0.1,0.1,1,0,0,571.1
Vtb3,Vtb3/S.csv,True,"CSV, comma, 1 header row",True,8240,24,1530275,0.1,10,0.098,0.102,0,0,0,823.9
Vtb3,Vtb3/V.csv,True,"CSV, comma, 1 header row",False,8240,29,1739502,0.1,10,0.1,0.1,0,0,0,823.9
Vtb4,Vtb4/S.csv,True,"CSV, comma, 1 header row",True,556,24,103090,0.1,10,0.099,0.101,0,0,0,55.5
Vtb4,Vtb4/V.csv,True,"CSV, comma, 1 header row",False,556,29,118374,0.1,10,0.1,0.1,0,0,0,55.5
Vtb5,Vtb5/S.csv,True,"CSV, comma, 1 header row",True,64388,24,12010333,0.1,10,0.098,0.102,0,0,0,6438.7
Vtb5,Vtb5/V.csv,True,"CSV, comma, 1 header row",False,64388,29,13567208,0.1,10,0.1,0.1,0,0,0,6438.7
Vtb6,Vtb6/S.csv,True,"CSV, comma, 1 header row",True,498,24,94210,0.1,10,0.098,0.102,0,0,0,49.7
Vtb6,Vtb6/V.csv,True,"CSV, comma, 1 header row",False,498,29,105659,0.1,10,0.1,0.1,0,0,0,49.7
Vtb7,Vtb7/S.csv,True,"CSV, comma, 1 header row",True,461,24,87349,0.1,10,0.098,0.102,0,0,0,46.001
Vtb7,Vtb7/V.csv,True,"CSV, comma, 1 header row",False,461,29,101086,0.1,10,0.1,0.1,0,0,0,46
Vtb8,Vtb8/S.csv,True,"CSV, comma, 1 header row",True,668,24,126023,0.1,10,0.09666,0.103,0,0,0,66.7
Vtb8,Vtb8/V.csv,True,"CSV, comma, 1 header row",False,668,29,138162,0.1,10,0.1,0.1,0,0,0,66.7
Vtb9,Vtb9/S.csv,True,"CSV, comma, 1 header row",True,452,24,85640,0.1,10,0.098,0.102,0,0,0,45.099
Vtb9,Vtb9/V.csv,True,"CSV, comma, 1 header row",False,452,29,93354,0.1,10,0.1,0.1,0,0,0,45.1
Vw1,Vw1/S.csv,True,"CSV, comma, 1 header row",True,20476,24,3524952,0.1,10,0.099,0.101,0,0,0,2047.5
Vw1,Vw1/V.csv,True,"CSV, comma, 1 header row",False,20475,29,4001856,0.1,10,0.1,0.1,0,0,0,2047.4
Vw10,Vw10/S.csv,True,"CSV, comma, 1 header row",True,652,24,123092,0.1,10,0.099,0.102,0,0,0,65.1
Vw10,Vw10/V.csv,True,"CSV, comma, 1 header row",False,652,29,141457,0.1,10,0.1,0.1,0,0,0,65.1
Vw11,Vw11/S.csv,True,"CSV, comma, 1 header row",True,4909,24,924189,0.1,10,0.098,0.102,0,0,0,490.8
Vw11,Vw11/V.csv,True,"CSV, comma, 1 header row",False,4909,29,1032515,0.1,10,0.1,0.1,0,0,0,490.8
Vw12,Vw12/S.csv,True,"CSV, comma, 1 header row",True,918,24,170958,0.1,10,0.099,0.101,0,0,0,91.7
Vw12,Vw12/V.csv,True,"CSV, comma, 1 header row",False,918,29,188273,0.1,10,0.1,0.1,0,0,0,91.7
Vw13,Vw13/S.csv,True,"CSV, comma, 1 header row",True,284,24,53041,0.1,10,0.099,0.102,0,0,0,28.3
Vw13,Vw13/V.csv,True,"CSV, comma, 1 header row",False,284,29,59207,0.1,10,0.1,0.1,0,0,0,28.3
Vw14a,Vw14a/S.csv,True,"CSV, comma, 1 header row",True,3138,24,585872,0.1,10,0.098,0.102,0,0,0,313.7
Vw14a,Vw14a/V.csv,True,"CSV, comma, 1 header row",False,3138,29,651054,0.1,10,0.1,0.1,0,0,0,313.7
Vw14b,Vw14b/S.csv,True,"CSV, comma, 1 header row",True,19588,24,3668924,0.1,10,0.098,0.102,0,0,0,1958.7
Vw14b,Vw14b/V.csv,True,"CSV, comma, 1 header row",False,19588,29,4120915,0.1,10,0.1,0.1,0,0,0,1958.7
Vw14c,Vw14c/S.csv,True,"CSV, comma, 1 header row",True,15826,24,2957471,0.1,10,0.098,0.102,0,0,0,1582.5
Vw14c,Vw14c/V.csv,True,"CSV, comma, 1 header row",False,15826,29,3363425,0.1,10,0.1,0.1,0,0,0,1582.5
Vw15,Vw15/S.csv,True,"CSV, comma, 1 header row",True,1380,24,254039,0.1,10,0.099,0.101,0,0,0,137.9
Vw15,Vw15/V.csv,True,"CSV, comma, 1 header row",False,1391,29,263885,0.1,10,0.1,0.1,0,0,0,139
Vw16a,Vw16a/S.csv,True,"CSV, comma, 1 header row",True,5879,24,1100323,0.1,10,0.098,0.102,0,0,0,587.799
Vw16a,Vw16a/V.csv,True,"CSV, comma, 1 header row",False,5879,29,1241037,0.1,10,0.1,0.1,0,0,0,587.8
Vw16b,Vw16b/S.csv,True,"CSV, comma, 1 header row",True,1126,24,211892,0.1,10,0.09824,0.102,0,0,0,112.501
Vw16b,Vw16b/V.csv,True,"CSV, comma, 1 header row",False,1126,29,239979,0.1,10,0.1,0.1,0,0,0,112.5
Vw17,Vw17/S.csv,True,"CSV, comma, 1 header row",True,329,24,62489,0.1,10,0.09827,0.10173,0,0,0,32.801
Vw17,Vw17/V.csv,True,"CSV, comma, 1 header row",False,329,29,71065,0.1,10,0.1,0.1,0,0,0,32.8
Vw2,Vw2/S.csv,True,"CSV, comma, 1 header row",True,52713,24,9883172,0.1,10,0.098,0.102,0,0,0,5271.2
Vw2,Vw2/V.csv,True,"CSV, comma, 1 header row",False,52712,29,11341576,0.1,10,0.1,0.1,0,0,0,5271.1
Vw3,Vw3/S.csv,True,"CSV, comma, 1 header row",True,3861,24,720455,0.1,10,0.098,0.102,0,0,0,386.001
Vw3,Vw3/V.csv,True,"CSV, comma, 1 header row",False,3861,29,839545,0.1,10,0.1,0.1,0,0,0,386
Vw4,Vw4/S.csv,True,"CSV, comma, 1 header row",True,126526,24,23607418,0.1,10,0.098,0.102,0,0,0,12652.5
Vw4,Vw4/V.csv,True,"CSV, comma, 1 header row",False,126527,29,27124526,0.1,10,0.1,0.1,0,0,0,12652.6
Vw5,Vw5/S.csv,True,"CSV, comma, 1 header row",True,1012,24,188883,0.1,10,0.098,0.102,0,0,0,101.101
Vw5,Vw5/V.csv,True,"CSV, comma, 1 header row",False,1012,29,216316,0.1,10,0.1,0.1,0,0,0,101.1
Vw6,Vw6/S.csv,True,"CSV, comma, 1 header row",True,1281,24,238315,0.1,10,0.099,0.102,0,0,0,128
Vw6,Vw6/V.csv,True,"CSV, comma, 1 header row",False,1281,29,278191,0.1,10,0.1,0.1,0,0,0,128
Vw7,Vw7/S.csv,True,"CSV, comma, 1 header row",True,1602,24,300843,0.1,10,0.098,0.102,0,0,0,160.099
Vw7,Vw7/V.csv,True,"CSV, comma, 1 header row",False,1602,29,346895,0.1,10,0.1,0.1,0,0,0,160.1
Vw8,Vw8/S.csv,True,"CSV, comma, 1 header row",True,1529,24,287123,0.1,10,0.099,0.102,0,0,0,152.8
Vw8,Vw8/V.csv,True,"CSV, comma, 1 header row",False,1529,29,332609,0.1,10,0.1,0.1,0,0,0,152.8
Vw9,Vw9/S.csv,True,"CSV, comma, 1 header row",True,552,24,103572,0.1,10,0.098,0.102,0,0,0,55.101
Vw9,Vw9/V.csv,True,"CSV, comma, 1 header row",False,553,29,121383,0.1,10,0.1,0.1,0,0,0,55.2
Y1,Y1/S.csv,True,"CSV, comma, 1 header row",True,70285,24,13039543,0.1,10,0.098,0.102,3,0,0,6690.8
Y1,Y1/V.csv,True,"CSV, comma, 1 header row",False,70285,29,14986075,0.1,10,0.1,0.1,0,2,638.6,7666.8
