config,label,split,duration_s,windows,median_drift_pct,ci95_lo,ci95_hi,mean_drift_pct,p90_drift_pct,median_endpoint_m,paired_diff_vs_phone_asis_median,paired_diff_vs_phone_asis_ci95_lo,paired_diff_vs_phone_asis_ci95_hi,better_than_phone_asis_windows,paired_diff_vs_phone_events_median,paired_diff_vs_phone_events_ci95_lo,paired_diff_vs_phone_events_ci95_hi,better_than_phone_events_windows,lag_used_median_s,lag_online_frac,lag_at_start_median_s,val_score_mean_of_medians,selected_on_val
phone_asis,Phone GNSS as logged (repeated fixes),test,30,12,33.698,16.035,37.053,37.434,44.840,55.170,0.000,0.000,0.000,0,4.177,-0.213,13.109,3,,,,31.741,False
phone_asis,Phone GNSS as logged (repeated fixes),test,60,12,20.632,18.398,65.896,40.992,107.374,79.990,0.000,0.000,0.000,0,0.792,-6.689,15.939,6,,,,31.741,False
phone_asis,Phone GNSS as logged (repeated fixes),test,120,12,50.426,25.810,93.899,58.104,109.898,386.342,0.000,0.000,0.000,0,10.369,-12.981,64.444,4,,,,31.741,False
phone_asis,Phone GNSS as logged (repeated fixes),val,30,18,32.506,25.952,57.918,46.787,95.152,162.878,0.000,0.000,0.000,0,-0.485,-12.676,23.965,9,,,,31.741,False
phone_asis,Phone GNSS as logged (repeated fixes),val,60,18,34.440,28.418,72.654,49.223,93.233,336.779,0.000,0.000,0.000,0,2.543,-17.442,31.566,8,,,,31.741,False
phone_asis,Phone GNSS as logged (repeated fixes),val,120,18,28.278,21.485,43.590,36.144,66.870,480.516,0.000,0.000,0.000,0,0.581,-14.451,10.325,9,,,,31.741,False
phone_events,"Phone GNSS, one update per fix",test,30,12,25.512,14.307,39.336,26.584,46.240,47.005,-4.177,-13.109,0.213,9,0.000,0.000,0.000,0,0.000,0.000,0.000,26.264,True
phone_events,"Phone GNSS, one update per fix",test,60,12,20.077,12.669,32.562,43.788,46.713,63.611,-0.792,-15.939,6.689,6,0.000,0.000,0.000,0,0.000,0.000,0.000,26.264,True
phone_events,"Phone GNSS, one update per fix",test,120,12,29.278,10.401,48.063,36.301,58.491,242.069,-10.369,-64.444,12.981,8,0.000,0.000,0.000,0,0.000,0.000,0.000,26.264,True
phone_events,"Phone GNSS, one update per fix",val,30,18,26.862,18.345,50.800,59.380,107.223,131.062,0.485,-23.965,13.097,9,0.000,0.000,0.000,0,0.000,0.000,0.000,26.264,True
phone_events,"Phone GNSS, one update per fix",val,60,18,29.014,22.016,48.074,44.494,82.783,254.996,-2.543,-31.566,15.735,10,0.000,0.000,0.000,0,0.000,0.000,0.000,26.264,True
phone_events,"Phone GNSS, one update per fix",val,120,18,22.915,15.969,41.485,34.232,68.539,326.698,-0.581,-10.295,16.690,9,0.000,0.000,0.000,0,0.000,0.000,0.000,26.264,True
phone_events_mn,"Phone GNSS, per fix, MotionNet between fixes",test,30,12,21.293,10.359,30.251,22.506,30.789,45.653,-5.448,-20.305,-0.883,9,-0.530,-7.337,1.913,8,0.000,0.000,0.000,29.862,False
phone_events_mn,"Phone GNSS, per fix, MotionNet between fixes",test,60,12,14.665,8.298,24.767,18.173,34.392,44.672,-7.472,-49.196,2.804,7,-2.142,-7.270,1.719,7,0.000,0.000,0.000,29.862,False
phone_events_mn,"Phone GNSS, per fix, MotionNet between fixes",test,120,12,23.803,13.980,43.077,29.031,50.995,239.715,-24.066,-55.871,1.014,9,3.939,-0.250,8.379,3,0.000,0.000,0.000,29.862,False
phone_events_mn,"Phone GNSS, per fix, MotionNet between fixes",val,30,18,27.445,22.560,37.694,37.029,80.846,106.155,0.947,-22.931,7.666,9,1.036,-5.854,4.165,8,0.000,0.000,0.000,29.862,False
phone_events_mn,"Phone GNSS, per fix, MotionNet between fixes",val,60,18,29.152,18.158,35.432,31.656,53.550,204.810,-1.632,-39.996,3.549,9,1.606,-3.754,5.453,6,0.000,0.000,0.000,29.862,False
phone_events_mn,"Phone GNSS, per fix, MotionNet between fixes",val,120,18,32.990,18.690,45.114,34.181,55.458,396.826,1.243,-6.425,10.216,7,0.270,-4.001,4.253,8,0.000,0.000,0.000,29.862,False
phone_lag_fixed,"Phone GNSS, per fix, delayed update (default tau)",test,30,12,23.842,14.547,36.316,26.492,45.646,48.756,-4.008,-12.474,2.109,8,-0.164,-2.223,1.104,8,0.100,0.000,0.100,28.242,False
phone_lag_fixed,"Phone GNSS, per fix, delayed update (default tau)",test,60,12,19.712,13.424,31.268,46.378,46.391,62.021,-0.517,-12.733,5.953,6,0.121,-0.656,2.138,4,0.100,0.000,0.100,28.242,False
phone_lag_fixed,"Phone GNSS, per fix, delayed update (default tau)",test,120,12,29.365,10.981,45.975,35.944,54.456,233.590,-10.967,-65.316,12.100,8,-0.414,-2.117,3.082,8,0.100,0.000,0.100,28.242,False
phone_lag_fixed,"Phone GNSS, per fix, delayed update (default tau)",val,30,18,27.723,17.552,54.398,61.171,94.790,126.124,-1.974,-22.019,5.536,9,-0.358,-1.437,1.569,11,0.100,0.000,0.100,28.242,False
phone_lag_fixed,"Phone GNSS, per fix, delayed update (default tau)",val,60,18,33.173,26.712,49.381,47.240,83.609,262.597,0.706,-23.336,13.443,8,-0.034,-2.511,4.018,9,0.100,0.000,0.100,28.242,False
phone_lag_fixed,"Phone GNSS, per fix, delayed update (default tau)",val,120,18,23.830,20.781,52.649,38.627,66.222,429.171,1.624,-5.066,21.525,8,0.370,-0.054,5.119,5,0.100,0.000,0.100,28.242,False
phone_lag_fixed_mn,"Phone GNSS, per fix, MotionNet between fixes, delayed update (default tau)",test,30,12,21.976,10.147,30.439,22.338,32.310,42.446,-5.573,-20.521,0.953,9,-0.283,-7.552,2.913,7,0.100,0.000,0.100,28.339,False
phone_lag_fixed_mn,"Phone GNSS, per fix, MotionNet between fixes, delayed update (default tau)",test,60,12,12.082,8.407,23.224,15.909,26.920,46.826,-7.710,-47.621,2.673,7,-2.094,-9.190,2.905,7,0.100,0.000,0.100,28.339,False
phone_lag_fixed_mn,"Phone GNSS, per fix, MotionNet between fixes, delayed update (default tau)",test,120,12,23.882,12.189,43.640,28.980,53.959,247.722,-24.839,-55.835,1.504,8,3.021,-0.266,10.561,3,0.100,0.000,0.100,28.339,False
phone_lag_fixed_mn,"Phone GNSS, per fix, MotionNet between fixes, delayed update (default tau)",val,30,18,27.541,20.689,34.775,36.765,81.168,108.494,-0.594,-23.696,6.120,10,0.702,-4.407,3.503,8,0.100,0.000,0.100,28.339,False
phone_lag_fixed_mn,"Phone GNSS, per fix, MotionNet between fixes, delayed update (default tau)",val,60,18,29.116,16.012,32.822,32.006,53.125,204.512,-6.794,-40.676,2.308,11,1.943,-0.296,4.011,6,0.100,0.000,0.100,28.339,False
phone_lag_fixed_mn,"Phone GNSS, per fix, MotionNet between fixes, delayed update (default tau)",val,120,18,28.362,19.477,38.992,34.989,52.791,375.374,0.701,-5.976,9.884,9,0.944,-2.258,5.259,7,0.100,0.000,0.100,28.339,False
phone_lag_online,"Phone GNSS, per fix, delayed update (online tau)",test,30,12,22.630,11.009,40.387,26.078,48.136,45.998,-6.799,-14.145,3.655,8,1.134,-1.997,2.164,5,0.400,0.725,0.600,29.275,False
phone_lag_online,"Phone GNSS, per fix, delayed update (online tau)",test,60,12,18.825,8.895,33.166,54.291,46.698,66.011,-2.507,-18.542,9.373,6,-0.191,-2.396,4.266,6,0.450,0.704,0.600,29.275,False
phone_lag_online,"Phone GNSS, per fix, delayed update (online tau)",test,120,12,27.948,13.080,47.654,40.414,61.546,232.825,-14.031,-61.576,12.605,8,-0.249,-1.269,2.021,8,0.375,0.704,0.200,29.275,False
phone_lag_online,"Phone GNSS, per fix, delayed update (online tau)",val,30,18,26.189,16.933,38.807,35.762,74.835,96.103,-7.581,-20.991,6.881,10,-0.262,-6.306,2.592,9,0.100,0.394,0.100,29.275,False
phone_lag_online,"Phone GNSS, per fix, delayed update (online tau)",val,60,18,34.247,18.243,42.027,44.683,83.634,242.099,-2.118,-23.697,4.599,10,-0.116,-2.972,4.360,9,0.100,0.509,0.250,29.275,False
phone_lag_online,"Phone GNSS, per fix, delayed update (online tau)",val,120,18,27.387,19.803,54.109,39.613,69.784,384.942,1.505,-12.612,24.914,8,0.463,-0.537,10.426,8,0.100,0.426,0.450,29.275,False
phone_lag_online_align,"Phone GNSS, per fix, online tau, event-based mount fit",test,30,12,22.282,17.048,35.736,26.419,47.117,45.102,-3.548,-15.022,6.905,8,0.852,-3.950,2.241,5,0.450,0.742,0.450,30.727,False
phone_lag_online_align,"Phone GNSS, per fix, online tau, event-based mount fit",test,60,12,19.457,9.336,29.843,47.891,37.211,68.592,-2.877,-22.025,3.653,6,-2.182,-4.802,0.630,9,0.450,0.718,0.600,30.727,False
phone_lag_online_align,"Phone GNSS, per fix, online tau, event-based mount fit",test,120,12,25.467,12.429,51.147,39.218,58.262,234.013,-12.871,-62.068,9.432,8,-0.741,-1.192,7.955,8,0.400,0.727,0.200,30.727,False
phone_lag_online_align,"Phone GNSS, per fix, online tau, event-based mount fit",val,30,18,24.659,14.383,35.306,34.422,74.435,93.277,-11.119,-24.448,6.298,11,0.438,-12.972,2.310,8,0.100,0.399,0.100,30.727,False
phone_lag_online_align,"Phone GNSS, per fix, online tau, event-based mount fit",val,60,18,35.619,24.877,58.658,51.822,90.077,275.768,-0.582,-25.582,23.170,10,1.051,-0.633,6.013,7,0.100,0.509,0.250,30.727,False
phone_lag_online_align,"Phone GNSS, per fix, online tau, event-based mount fit",val,120,18,31.905,21.727,57.179,43.921,77.342,414.128,8.936,-4.055,28.656,7,2.671,-0.824,11.969,6,0.100,0.456,0.350,30.727,False
phone_lag_online_mn,"Phone GNSS, per fix, MotionNet between fixes, delayed update (online tau)",test,30,12,20.593,11.440,28.197,21.936,33.827,48.990,-6.759,-22.196,1.141,9,-0.712,-9.472,2.648,7,0.350,0.725,0.600,28.327,False
phone_lag_online_mn,"Phone GNSS, per fix, MotionNet between fixes, delayed update (online tau)",test,60,12,18.492,8.727,26.648,18.796,34.859,57.359,-9.079,-47.713,2.971,7,-0.844,-7.194,2.435,7,0.400,0.704,0.600,28.327,False
phone_lag_online_mn,"Phone GNSS, per fix, MotionNet between fixes, delayed update (online tau)",test,120,12,24.333,12.087,40.885,29.278,54.837,238.730,-24.513,-56.498,0.917,9,1.914,-0.571,10.297,4,0.325,0.704,0.200,28.327,False
phone_lag_online_mn,"Phone GNSS, per fix, MotionNet between fixes, delayed update (online tau)",val,30,18,26.345,22.999,32.768,37.464,73.089,103.203,1.893,-23.463,8.525,9,2.141,-9.060,5.906,6,0.100,0.394,0.100,28.327,False
phone_lag_online_mn,"Phone GNSS, per fix, MotionNet between fixes, delayed update (online tau)",val,60,18,30.276,18.454,36.360,34.632,61.855,205.016,-6.298,-31.180,5.002,12,-0.284,-5.579,3.795,9,0.100,0.500,0.250,28.327,False
phone_lag_online_mn,"Phone GNSS, per fix, MotionNet between fixes, delayed update (online tau)",val,120,18,28.358,20.503,42.892,39.561,80.954,363.537,2.746,-7.970,20.237,7,1.406,-1.182,8.394,6,0.100,0.460,0.450,28.327,False
phone_lag_online_mn_align,"Phone GNSS, per fix, MotionNet between fixes, online tau, event-based mount fit",test,30,12,20.309,14.180,32.925,23.470,36.226,49.694,-3.946,-20.428,2.333,7,-0.371,-9.787,7.314,6,0.450,0.742,0.600,29.263,False
phone_lag_online_mn_align,"Phone GNSS, per fix, MotionNet between fixes, online tau, event-based mount fit",test,60,12,13.991,8.189,23.135,16.882,30.893,46.122,-10.653,-47.402,2.503,7,-3.707,-8.906,3.038,7,0.450,0.718,0.600,29.263,False
phone_lag_online_mn_align,"Phone GNSS, per fix, MotionNet between fixes, online tau, event-based mount fit",test,120,12,20.967,13.824,42.316,29.451,67.038,220.018,-27.009,-55.888,-0.798,9,3.799,-3.775,10.256,4,0.400,0.727,0.200,29.263,False
phone_lag_online_mn_align,"Phone GNSS, per fix, MotionNet between fixes, online tau, event-based mount fit",val,30,18,29.748,12.859,33.713,38.206,82.845,103.348,-0.357,-22.745,8.247,9,1.220,-9.833,7.807,9,0.100,0.399,0.100,29.263,False
phone_lag_online_mn_align,"Phone GNSS, per fix, MotionNet between fixes, online tau, event-based mount fit",val,60,18,30.600,20.222,36.432,36.034,69.243,206.383,-1.805,-23.229,3.522,12,2.490,-2.546,9.353,6,0.100,0.500,0.450,29.263,False
phone_lag_online_mn_align,"Phone GNSS, per fix, MotionNet between fixes, online tau, event-based mount fit",val,120,18,27.441,21.097,38.507,34.902,52.152,395.094,2.980,-6.488,10.752,7,1.677,-3.932,7.125,7,0.100,0.445,0.350,29.263,False
reference,Reference receiver before the blackout (best case),test,30,12,16.996,10.501,22.900,16.606,24.515,30.517,-13.764,-22.588,-5.079,10,-7.544,-16.060,-1.422,10,,,,,False
reference,Reference receiver before the blackout (best case),test,60,12,9.908,8.020,18.124,12.775,21.179,42.089,-10.163,-53.427,-0.056,9,-8.143,-13.234,1.122,8,,,,,False
reference,Reference receiver before the blackout (best case),test,120,12,21.331,7.640,32.325,21.893,43.172,202.525,-38.220,-76.451,3.739,8,-3.712,-15.786,3.412,7,,,,,False
reference,Reference receiver before the blackout (best case),val,30,18,16.512,10.583,25.635,22.850,39.764,71.924,-19.317,-27.689,-8.640,16,-11.037,-31.316,0.204,12,,,,,False
reference,Reference receiver before the blackout (best case),val,60,18,24.996,14.970,34.557,29.330,43.631,225.219,-7.485,-34.312,1.606,12,-3.376,-13.427,4.971,11,,,,,False
reference,Reference receiver before the blackout (best case),val,120,18,26.325,20.253,41.349,31.369,51.313,372.436,-4.313,-8.888,3.677,11,-4.462,-15.369,4.891,11,,,,,False
