drive,status,native_rows,rows,real_frac,gnss_fixes,ref_valid_frac,duration_s,sessions,ref_valid_s,vehicle_frame_accel,aligned_frac,mount_source,mount_used,mount_corr,mount_yaw_deg,mount_yaw_std_deg,gyro_noise,mount_reason,gravity_basis,gravity_median,gyro_median,phone_dt_ms,vehicle_dt_ms,gravity_statistic,gnss_status,repairs
M,ok,105974,1059710,0.0999981,1097,0.999689,10599.6,3,10593.8,True,1,vehicle,True,0.956649,58.5169,3.03833,0.0153314,,rest,9.86052,0.00139284,100,100,median |a|,ok,dropped 1 vehicle rows with non-increasing timestamps; split into 3 sessions at gaps > 1.0 s
S1,ok,51746,517450,0.08338,534,0.999942,5174.5,1,5174.2,True,1,vehicle,True,0.490884,75.4033,5.44954,0.0139688,,rest,9.88178,0.00193132,100,100,median |a|,ok,
S2,ok,93876,938740,0.1,951,0.999073,9388.61,2,9378.7,True,1,vehicle,True,0.780659,80.8523,4.83202,0.0180389,,rest,9.87352,0.00725638,100,100,median |a|,ok,split into 2 sessions at gaps > 1.0 s; 1 phone fixes report altitude exactly 0: treated as missing altitude
S3a,ok,24621,246200,0.0998213,254,0.997279,2462,1,2455.3,False,1,phone,False,0.380663,-0.172269,12.889,0.0175446,,rest,9.86114,0.00174642,100,100,median |a|,ok,
S3b,ok,6813,68110,0.0998679,74,0.992806,685.528,2,676.2,False,1,phone,False,0.17378,79.7923,35.7417,0.0390466,,rest,9.8521,0.00137386,100,100,median |a|,ok,split into 2 sessions at gaps > 1.0 s
S3c,ok,37183,371820,0.0999946,391,0.999866,3718.2,1,3717.7,False,1,phone,False,0.527625,-56.2477,12.4839,0.00697656,,rest,9.84719,0.0006,100,100,median |a|,ok,
S4,ok,94600,945970,0.0999228,932,0.371946,9773.1,3,3518.5,True,0.371945,vehicle,True,0.833991,61.8834,6.28686,0.0293499,,rest,9.86067,0.00278074,100,100,median |a|,ok,split into 3 sessions at gaps > 1.0 s
Vfa01,ok,11486,114850,0.1,123,0.999565,1148.5,1,1148,True,1,vehicle,True,0.744896,86.1131,4.16257,0.0191523,,rest,9.86599,0.00579137,100,100,median |a|,ok,
Vfa02,ok,67523,675221,0.0999984,747,1,6752.2,1,6752.21,True,1,vehicle,True,0.866223,84.1995,7.66316,0.0205946,,rest,9.85839,0.00914932,100,100,median |a|,ok,
Vta10,ok,1502,15010,0.0998001,17,0,150.1,1,0,False,0,phone,False,0.185218,-70.2406,59.8018,0.385214,,whole drive (no rest),9.86559,0.00668019,100,100,norm of per-axis medians,ok,
Vta11,ok,510,5090,0.1,6,0.992141,50.9,1,50.5,False,1,phone,False,,,,0.395616,only 451 moving samples with reference in the calibration window (need 900),whole drive (no rest),9.82859,0.0606216,100,100,norm of per-axis medians,ok,
Vta12,ok,610,6090,0.0993432,7,0,60.9,1,0,False,0,phone,False,,,,0.272309,only 541 moving samples with reference in the calibration window (need 900),whole drive (no rest),9.87279,0.00588409,100,100,norm of per-axis medians,ok,
Vta13,ok,404,4030,0.0997519,6,0,40.301,1,0,False,0,phone,False,,,,0.279207,only 362 moving samples with reference in the calibration window (need 900),whole drive (no rest),9.8693,0.0166133,100,100,norm of per-axis medians,ok,
Vta14,ok,2885,28840,0.1,33,0,288.4,1,0,False,0,phone,False,0.230756,121.053,25.095,0.389092,,whole drive (no rest),9.86053,0.0182981,100,100,norm of per-axis medians,ok,
Vta15,ok,833,8320,0.0997596,10,0,83.2,1,0,False,0,phone,False,,,,0.360624,only 787 moving samples with reference in the calibration window (need 900),whole drive (no rest),9.86383,0.00943027,100,100,norm of per-axis medians,ok,
Vta16,ok,11335,113340,0.0998941,122,0.9985,1133.4,1,1131.7,False,1,phone,False,0.0204128,160.065,79.8732,0.021113,,rest,9.87421,0.00111803,100,100,median |a|,ok,
Vta17,ok,4519,45170,0.0999779,50,0.757582,452.986,2,342.2,False,0.76123,phone,False,0.135328,-167.716,54.5963,0.0177281,,rest,9.85841,0.00382884,100,100,median |a|,ok,split into 2 sessions at gaps > 1.0 s
Vta19,ok,292,2910,0.1,4,0,29.101,1,0,False,0,phone,False,,,,0.279011,fewer than 30 s of IMU in the calibration window,whole drive (no rest),9.84618,0.00844304,100,100,norm of per-axis medians,ok,
Vta1a,ok,25676,256750,0.0999065,2522,0.994547,2567.5,1,2553.5,False,1,phone,False,0.245409,170.062,35.9792,0.0188766,,rest,9.8484,0.00262155,100,100,median |a|,ok,
Vta1b,ok,954,9530,0.1,95,0.991605,95.3,1,94.5,True,1,vehicle,True,0.641394,-148.433,9.22573,0.432168,,whole drive (no rest),9.82498,0.0187805,100,100,norm of per-axis medians,ok,
Vta2,ok,10991,109900,0.0996724,1024,0.999272,1099,1,1098.2,True,1,vehicle,True,0.456474,-144.004,7.20399,0.0278879,,rest,9.85547,0.00769627,100,100,median |a|,ok,
Vta20,ok,3223,32220,0.0998448,10,0,322.2,1,0,False,0,phone,False,0.341414,118.435,16.925,0.0355017,,rest,9.85889,0.00478435,100,100,median |a|,ok,
Vta21,ok,2079,20780,0.1,24,0.953321,207.8,1,198.1,False,1,phone,False,0.159915,-123.259,35.1162,0.509212,,whole drive (no rest),9.83665,0.008747,100,100,norm of per-axis medians,ok,
Vta22,ok,1564,15630,0.099936,18,0.96865,156.301,1,151.4,False,1,phone,False,0.153388,167.708,9.92571,0.476012,,whole drive (no rest),9.88718,0.0103988,100,100,norm of per-axis medians,ok,
Vta23,ok,1110,11090,0.1,13,0,110.9,1,0,False,0,phone,False,0.322874,101.923,21.5395,0.462804,,whole drive (no rest),9.83385,0.00884138,100,100,norm of per-axis medians,ok,
Vta24,ok,1171,11700,0.1,10,0.991453,117.001,1,116,False,1,phone,False,,,,0.255168,only 762 moving samples with reference in the calibration window (need 900),whole drive (no rest),9.85047,0.0233944,100,100,norm of per-axis medians,ok,
Vta25,ok,646,6450,0.1,6,0.995349,64.498,1,64.2,False,1,phone,False,,,,0.219267,only 300 moving samples with reference in the calibration window (need 900),whole drive (no rest),9.84878,0.0220828,100,100,norm of per-axis medians,ok,
Vta26,ok,1935,19340,0.1,16,0,193.4,1,0,True,0,phone,True,0.327228,94.3257,7.18572,0.0270166,,rest,9.85066,0.00141774,100,100,median |a|,ok,
Vta27,ok,2540,25390,0.0999606,25,0,253.9,1,0,False,0,phone,False,0.239714,157.416,20.6076,0.0232685,,rest,9.85215,0.00191311,100,100,median |a|,ok,
Vta28,ok,4210,42090,0.1,43,0.99905,420.9,1,420.5,False,1,phone,False,0.209778,-113.326,31.0532,0.0266984,,rest,9.84443,0.00275318,100,100,median |a|,ok,
Vta29,ok,23701,236978,0.100001,253,0.25318,2369.78,1,599.98,False,0.25328,phone,False,0.105838,110.535,77.6265,0.0380734,,rest,9.8664,0.00301081,100,100,median |a|,ok,dropped 4 phone rows with repeated/backward/unparseable timestamps
Vta3,ok,645,6440,0.1,5,0,64.4,1,0,False,0,phone,False,,,,0.0440659,only 350 moving samples with reference in the calibration window (need 900),rest,9.88032,0.0132368,100,100,median |a|,ok,
Vta30,ok,17136,171350,0.1,162,0.29752,1713.5,1,509.8,False,0.29972,phone,False,0.519952,135.344,17.5482,0.0256461,,rest,9.85961,0.00315436,100,100,median |a|,ok,
Vta4,ok,1789,17880,0.0998881,21,0,178.799,1,0,False,0,phone,False,0.233327,-155.312,16.1212,0.451632,,whole drive (no rest),9.84561,0.0181088,100,100,norm of per-axis medians,ok,
Vta5,ok,307,3060,0.1,4,0.986928,30.6,1,30.2,False,1,phone,False,,,,0.310781,only 271 moving samples with reference in the calibration window (need 900),whole drive (no rest),9.80759,0.0148691,100,100,norm of per-axis medians,ok,
Vta6,ok,1376,13750,0.1,16,0,137.5,1,0,False,0,phone,False,0.367972,-158.192,27.7758,0.469259,,whole drive (no rest),9.80398,0.0159376,100,100,norm of per-axis medians,ok,
Vta7,ok,840,8390,0.1,10,0.982122,83.9,1,82.4,False,1,phone,False,,,,0.436468,only 802 moving samples with reference in the calibration window (need 900),whole drive (no rest),9.77705,0.00952536,100,100,norm of per-axis medians,ok,
Vta8,ok,3676,36750,0.0998095,33,0.996463,367.5,1,366.2,False,1,phone,False,0.180757,146.851,30.8479,0.0197227,,rest,9.86242,0.00105594,100,100,median |a|,ok,
Vta9,ok,156,1550,0.1,2,0,15.498,1,0,False,0,phone,False,,,,0.267331,fewer than 30 s of IMU in the calibration window,whole drive (no rest),9.8841,0.0163709,100,100,norm of per-axis medians,ok,
Vtb1,ok,27003,258442,0.0835236,280,0.0264276,3245.8,2,68.3,False,0.0253305,phone,False,,,,0.228248,only 200 moving samples with reference in the calibration window (need 900),rest,10.1801,0.0210708,100,100,median |a|,ok,dropped 5456 phone rows with repeated/backward/unparseable timestamps; split into 2 sessions at gaps > 1.0 s
Vtb10,ok,196,1950,0.0841026,3,0,19.5,1,0,False,0,phone,False,,,,0.267515,fewer than 30 s of IMU in the calibration window,whole drive (no rest),9.87488,0.00579547,100,100,norm of per-axis medians,ok,
Vtb11,ok,361,3600,0.0830556,5,0,36,1,0,False,0,phone,False,,,,0.416719,only 361 moving samples with reference in the calibration window (need 900),whole drive (no rest),9.81137,0.0287936,100,100,norm of per-axis medians,ok,
Vtb12,ok,447,4460,0.0852018,5,0.995516,44.601,1,44.4,False,1,phone,False,,,,0.282232,only 360 moving samples with reference in the calibration window (need 900),whole drive (no rest),9.83135,0.0211778,100,100,norm of per-axis medians,ok,
Vtb2,ok,5712,57110,0.0857468,56,0,571.1,1,0,False,0,phone,False,0.234771,128.504,28.4222,0.0292584,,rest,9.85803,0.00409145,100,100,median |a|,ok,dropped 1 vehicle rows with non-increasing timestamps
Vtb3,ok,8240,82390,0.1,36,0.271149,823.9,1,223.4,False,0.271723,phone,False,,,,0.0300301,only 426 moving samples with reference in the calibration window (need 900),rest,9.85598,0.00598749,100,100,median |a|,ok,
Vtb4,ok,556,5550,0.0918919,6,0,55.5,1,0,False,0,phone,False,,,,0.0197852,only 423 moving samples with reference in the calibration window (need 900),rest,9.84549,0.00255979,100,100,median |a|,ok,
Vtb5,ok,64388,643870,0.0965816,703,0,6438.7,1,0,False,0,phone,False,0.186539,-165.94,27.8328,0.0234469,,rest,9.85323,0.000626498,100,100,median |a|,ok,
Vtb6,ok,498,4970,0.0879276,6,0,49.7,1,0,False,0,phone,False,,,,0.315874,only 451 moving samples with reference in the calibration window (need 900),whole drive (no rest),9.82492,0.00926472,100,100,norm of per-axis medians,ok,
Vtb7,ok,461,4600,0.0834783,6,0,46.001,1,0,False,0,phone,False,,,,0.306751,only 451 moving samples with reference in the calibration window (need 900),whole drive (no rest),9.79503,0.0252129,100,100,norm of per-axis medians,ok,
Vtb8,ok,668,6670,0.086057,8,0,66.7,1,0,False,0,phone,False,,,,0.381731,only 631 moving samples with reference in the calibration window (need 900),whole drive (no rest),9.83213,0.0210267,100,100,norm of per-axis medians,ok,
Vtb9,ok,452,4510,0.0862528,6,0,45.099,1,0,False,0,phone,False,,,,0.374798,only 451 moving samples with reference in the calibration window (need 900),whole drive (no rest),9.86663,0.0254954,100,100,norm of per-axis medians,ok,
Vw1,ok,20476,204750,0.1,0,0,2047.5,1,0,False,0,phone,False,,,,0.0399364,no live phone GNSS,rest,9.85537,0.0102099,100,100,median |a|,no live phone GNSS: 1 distinct fix(es) for the whole drive,
Vw10,ok,652,6510,0.0990783,8,0,65.1,1,0,False,0,phone,False,,,,0.448824,only 631 moving samples with reference in the calibration window (need 900),whole drive (no rest),9.86669,0.0324451,100,100,norm of per-axis medians,ok,
Vw11,ok,4909,49080,0.0994499,50,0.996536,490.8,1,489.1,True,1,vehicle,True,0.764681,72.385,3.27673,0.0379398,,rest,9.86155,0.00241091,100,100,median |a|,ok,
Vw12,ok,918,9170,0.100109,11,0,91.7,1,0,False,0,phone,False,,,,0.387368,only 860 moving samples with reference in the calibration window (need 900),whole drive (no rest),9.85586,0.019741,100,100,norm of per-axis medians,ok,
Vw13,ok,284,2830,0.1,4,0,28.3,1,0,False,0,phone,False,,,,0.484461,fewer than 30 s of IMU in the calibration window,whole drive (no rest),9.85989,0.0801052,100,100,norm of per-axis medians,ok,
Vw14a,ok,3138,31370,0.1,36,0,313.7,1,0,False,0,phone,False,0.401069,84.6487,10.5122,0.374153,,whole drive (no rest),9.8849,0.00560669,100,100,norm of per-axis medians,ok,
Vw14b,ok,19588,195870,0.1,219,0,1958.7,1,0,True,0,phone,True,0.399634,77.9268,7.80014,0.324482,,whole drive (no rest),9.85633,0.00122474,100,100,norm of per-axis medians,ok,
Vw14c,ok,15826,158250,0.1,157,0.99861,1582.5,1,1580.3,True,1,vehicle,True,0.78183,82.405,4.55916,0.0415104,,rest,9.85884,0.00212838,100,100,median |a|,ok,
Vw15,ok,1380,13790,0.1,0,0,137.9,1,0,False,0,phone,False,,,,0.0346676,no live phone GNSS,rest,9.84956,0.00214009,100,100,median |a|,no live phone GNSS: 1 distinct fix(es) for the whole drive,
Vw16a,ok,5879,58780,0.1,61,0,587.799,1,0,False,0,phone,False,0.363558,53.111,12.4515,0.0393406,,rest,9.85095,0.0026884,100,100,median |a|,ok,
Vw16b,ok,1126,11250,0.1,13,0,112.501,1,0,True,0,phone,True,0.473379,34.1256,8.63649,0.39644,,whole drive (no rest),9.8243,0.00658369,100,100,norm of per-axis medians,ok,
Vw17,ok,329,3280,0.1,4,0,32.801,1,0,False,0,phone,False,,,,0.301622,only 253 moving samples with reference in the calibration window (need 900),whole drive (no rest),9.85892,0.0412512,100,100,norm of per-axis medians,ok,
Vw2,ok,52713,527120,0.0928309,570,0.999583,5271.2,1,5269,True,1,vehicle,True,0.806958,79.4859,5.4321,0.0236312,,rest,9.8511,0.0177415,100,100,median |a|,ok,1 phone fixes report altitude exactly 0: treated as missing altitude
Vw3,ok,3861,38600,0.1,42,0.998705,386.001,1,385.5,True,1,vehicle,True,0.752609,79.8937,6.82581,0.428155,,whole drive (no rest),9.85425,0.00621048,100,100,norm of per-axis medians,ok,
Vw4,ok,126526,1265250,0.0999075,1353,0.995843,12652.5,1,12599.9,True,0.995843,vehicle,True,0.710758,73.9599,5.59415,0.0237175,,rest,9.85673,0.00377757,100,100,median |a|,ok,
Vw5,ok,1012,10110,0.0993076,12,0.968348,101.101,1,97.9,True,1,vehicle,True,0.86044,68.3583,3.29307,0.393005,,whole drive (no rest),9.83582,0.023338,100,100,norm of per-axis medians,ok,
Vw6,ok,1281,12800,0.0988281,15,0.992188,128,1,127,False,1,phone,False,0.272728,58.3402,16.4486,0.416589,,whole drive (no rest),9.82391,0.0195586,100,100,norm of per-axis medians,ok,
Vw7,ok,1602,16010,0.0996877,18,0,160.099,1,0,True,0,phone,True,0.391427,90.1037,4.39555,0.422213,,whole drive (no rest),9.83067,0.0137772,100,100,norm of per-axis medians,ok,
Vw8,ok,1529,15280,0.0992801,17,0,152.8,1,0,True,0,phone,True,0.443608,67.7124,4.7647,0.45816,,whole drive (no rest),9.83589,0.0235283,100,100,norm of per-axis medians,ok,
Vw9,ok,552,5510,0.0985481,7,0.987296,55.101,1,54.4,False,1,phone,False,,,,0.404124,only 536 moving samples with reference in the calibration window (need 900),whole drive (no rest),9.86151,0.0434277,100,100,norm of per-axis medians,ok,
Y1,ok,70285,702801,0.0998704,819,0,7391.32,4,0,False,0,phone,False,0.277683,99.9528,14.8345,0.0268464,,rest,9.83284,0.0008,100,100,median |a|,ok,split into 4 sessions at gaps > 1.0 s
